PIDN,Ca,P,pH,Sand,SOC
09gt9UK5,-0.655391727,-0.193485551,-1.223538826,1.654238493,-0.495955494
0BVvxJ6a,0.731271739,0.918618629,0.67325932,-1.315901862,0.212549705
0KbdgApg,-0.154999188,-0.441724587,-0.059191036,-1.016988862,0.300096214
0MnuuduB,-0.254516424,-0.504568721,-0.090809549,-0.627257962,0.299388559
0PcIsF9z,-0.503191454,0.993092569,-2.069110031,-0.096312071,0.500883758
0ShTFLYJ,-0.659650462,0.145860817,-0.545445545,0.49194816,-0.62269115
0XZh9jka,-0.244944984,-4.393691944,-0.576724952,0.20959049,0.739466509
0Y7Wegri,-0.441092793,2.860688869,-0.092321502,-0.04845193,-0.670824997
0dTqplIM,0.0421565,0.990995083,1.031829906,-1.355111902,0.778325868
0lNiZicC,-0.872346146,0.070513893,-1.4976446,0.275841218,-0.22086549
0rGeJ0QN,-0.615574618,-0.3054416,-0.501820747,0.153862423,0.050662987
0sXI9ytQ,-0.562896461,-0.455085749,-0.285023201,1.708036344,-0.045796324
0ukt4aP6,0.769109308,0.598471737,1.235354672,0.801153824,-1.428217587
1AGspb8f,-0.487124749,-0.561602695,-1.111148056,-0.950190793,-0.278667861
1Csy0gvE,-0.434179936,0.079700217,0.091011551,0.71698274,0.099324747
1Ic2hly1,-0.229465412,0.517083042,-0.225477776,0.61474178,-0.162154957
1PPbaTwt,-0.339826471,1.085981963,-0.911019155,0.90211735,-0.206661057
1SO5VJNy,-0.318223016,-0.247852968,0.194329123,0.58324315,-0.20135576
1arHxK3Y,0.654774615,-0.458231754,2.370706804,-0.286716872,0.382069944
1fCW4Bba,-0.401456479,2.752876973,-0.223430518,1.402587599,-0.509954011
1qDZNvIm,-0.64295573,0.32505709,-0.410859625,1.211153501,-0.606033136
28LYJC2V,-0.435275156,-0.758087448,-1.501185964,-0.822139584,0.388167123
2CzACvQq,0.54252982,0.541323456,1.921251338,-0.343958414,-0.443921902
2FT3crfv,-0.261415463,-0.5923018,0.696596066,-0.948024713,-0.075656546
2Fy2uHVg,-0.44256747,-0.110575863,-0.654379767,-0.574406067,-0.581420528
2MkMEApm,-0.362063373,1.113465775,-0.078498289,1.663753864,-0.397151107
2NDGWEOe,0.602582105,-0.526961041,2.027021862,-0.605279643,-0.484211106
2NyyCiqn,-0.341288777,0.235254356,0.214940803,0.629926344,-0.416681839
2QRzIb84,0.375044756,1.886010002,1.880653538,0.145561561,-0.256517652
2QcbdrUZ,-0.614217762,0.16919412,0.213514759,1.10824749,-0.391475822
2YgAimWK,-0.315936895,1.409230856,-0.041003451,1.216881082,-0.459495336
2cx85d9H,0.031481815,0.121576336,-0.442850264,-0.893546392,0.466231563
2homMXMV,-0.528170473,0.904628662,-2.158361007,0.602156495,0.395924248
2ldLrUtq,-0.53084979,0.20179363,-0.720622635,0.157304692,-0.755413125
2nsACW6G,-0.145865376,-0.878462211,-0.818005891,-0.83379813,1.352834001
2yMbVnWc,-0.556881029,-0.455600864,-1.899314456,1.064597494,2.594448732
36r8sgGQ,-0.330821731,-0.688900978,-0.215484572,0.627965826,-0.019506232
3NXAXCl3,-0.23302876,-3.827016607,-0.869820667,-0.64111339,0.159828588
3QG0z6fl,-0.64615444,0.682049757,-1.307446705,1.195281493,-0.208367127
3WS8R9qm,-0.220713493,-5.777855053,-0.55963269,-0.316684305,1.794948942
3fRLm8f5,-0.227647165,-0.322646217,-0.667602698,-0.082654589,0.153475947
3mZhp1nQ,-0.57151083,-0.629985734,0.143269097,0.826679202,-0.26650048
3pikJXRL,-0.275643572,-2.483527276,-1.192379396,-0.835551114,0.297885614
3pxOEGHL,-0.368137994,-0.468356895,-0.675501707,0.714878414,-0.387701003
3ttdV3f5,-0.575893354,1.750569957,-0.568528257,-0.505728688,-0.64720472
3v4X6Mfe,1.1273036,-0.230554944,1.977531387,0.171318367,-0.473507679
3wORuPiv,-0.390446141,-0.005463783,-1.061990985,-0.627868459,-0.323973827
43EfrxZj,0.082697437,1.161729897,-0.651855109,-0.37846622,0.054390254
457Vwm21,0.080468466,2.159692474,-0.258578926,-0.845861964,0.267212236
46KNnOdx,-0.502236821,-0.126471923,-1.262670355,-0.532532831,-0.312228466
47TwNsVC,-0.295249901,-1.228101535,-1.116744874,-0.338482732,1.484611952
49856RpO,-0.436499053,-0.983539357,-0.79786502,-0.440388765,-0.947037316
4Ane1o2N,-0.361624988,-0.179730324,-0.319231263,0.481032114,-0.535440276
4AyVUgSc,-0.752028856,-0.34018798,-0.581949435,0.158542645,-0.592639824
4B1951On,-0.140348107,0.252306449,0.227529587,0.777480181,0.339584963
4OL39Teo,0.046379862,0.698472212,-0.160393731,-0.149110029,0.235374751
4eQ90eLY,-0.104970327,0.838424088,-0.524492675,0.495417895,0.656408968
4o5jwMj8,-0.465174749,-0.253140171,-0.803940332,0.305110864,-0.79147528
4vPgpl2c,-0.514321431,0.346496563,-0.645329623,0.408865379,-1.249974051
51r9aA0d,-0.758471706,0.430473705,0.202128544,0.417780443,-0.326643406
58SmeRoP,-0.509381564,0.68501341,-0.338850316,-0.43709842,-0.300716425
5HJp1AXn,-0.361025317,-0.50044322,-0.837668479,-0.584919524,0.410330439
5MBZW7fx,-0.075977544,-0.805898768,0.637440878,0.481858934,-0.961371276
5Nq3gHaP,0.251451449,2.071814064,0.103129962,0.305838604,0.879919382
5RmwFFK3,0.401277001,2.445707204,-0.759988435,-1.058305754,-0.740261627
5Tu5Jbov,-0.537956839,-0.276566168,-0.862466788,-0.534706804,-0.380741305
5YEolkev,-0.333335758,-0.181952073,-0.61461467,-0.039701411,-0.586282962
5a8sf6QV,-0.043978137,0.068221596,0.323345564,-0.78949668,0.091352139
5eSvmqYm,-0.417812575,0.318057202,0.07155595,-0.258436287,-0.592643953
5hkN8fiv,-0.419691921,-0.226982399,-1.661826176,-0.860102386,1.421431521
5oK8Gti5,-0.552747467,-0.053339377,-0.534563182,1.60725181,-0.641904701
5paniGaU,-0.568148563,-1.59717877,-1.08373476,1.120258494,-0.536616144
5vsr7ZUP,0.639636528,1.198748454,0.83140819,-0.89141496,-0.161531526
60B4xMWI,-0.254994261,1.181712176,0.581694237,0.71100345,-0.634750383
64jOUtKy,0.308935031,0.558477694,-0.631595388,-1.02237048,1.940427105
6AJo4xNG,-0.435704564,0.255488995,-0.199970241,0.744099416,0.169190059
6CAvhEte,-0.458441252,0.349963954,-1.05486981,1.156076207,-0.109971003
6CuGYjT5,2.113908741,-0.33912009,1.964269357,-0.813696926,0.622826588
6DGH8ujZ,-0.362009921,0.266097445,-1.258827629,-0.307527036,0.983600835
6PzsGdVm,-0.405719504,0.032384227,-0.624402067,-0.486185205,0.683347432
6UcSJMbq,-0.138301101,1.716889593,0.488931505,0.038784068,-0.809468234
6WJbkH8U,0.99092133,0.114845001,2.594182878,-0.950237525,0.54421653
6eUWsVzw,0.753425378,1.836492644,0.991930043,-1.105475487,-0.351650598
6gNyO7Do,0.016250388,0.210110094,-0.223820672,-0.938740852,0.677758097
6jT0AyHe,-0.074058004,0.259948873,0.980846628,-1.572219412,0.51805594
6nBgCvWu,-0.646591645,0.306901132,-0.10729275,1.393067846,-0.126025999
6ro5mqg6,-0.23730827,0.004598751,0.053457779,0.421626041,-0.18521687
6sGqObX4,-0.816903981,-0.88667174,-0.599581006,-0.76912077,-0.888301322
6uEGy0n4,1.626929658,-1.080493386,2.657600646,-0.93228195,-0.408710155
7BZ4LxP8,-0.166598399,0.160988677,0.39212076,-0.231820306,-0.124687482
7CmigXKi,-0.462052948,-0.876021036,-1.441693153,1.080764563,-0.100252488
7Ga0LpfR,0.013303273,1.735091804,-1.256615595,-0.828040149,1.849502889
7PQsFvsG,-0.509362852,0.153810927,-1.998646409,-0.370194875,1.482895872
7aF7nnwn,-0.738914618,-0.154384381,-0.571288381,0.675467953,-0.468259718
7asGzfX9,-0.109760623,0.102463237,-0.416560386,0.242163031,-0.551090457
7cg7C92o,-0.116943627,0.782098634,-0.306063903,0.156666444,0.782488904
7eOxTpsB,-0.32018013,1.578482979,0.008188517,1.108300743,-1.095665493
7ey0v7ma,-0.193346082,-3.610558186,-1.19168583,-0.964370099,-0.541309742
7gocyrYl,-0.228945375,-0.634927469,-0.240690878,-0.286546852,1.073628201
7gqR3GoA,-0.4677651,-0.041870455,-0.880408467,-0.167216978,-0.465480588
7og7aUXB,-0.28232662,0.881018503,0.282168542,0.031992151,-0.503202533
7onRfa8F,0.212842689,-0.006776428,1.354170768,0.634562167,-0.048278685
7umkNuxM,-0.142387823,0.336349784,0.132563072,-0.553748858,0.36472561
7vPr9ExD,-0.00604635,0.024477101,0.071305513,-0.84647313,0.05340659
7zNjpCzu,-0.463499541,-0.099594768,-0.574474419,-0.622982113,-0.819999332
7ztsQNj3,-0.46075661,0.096959241,-0.331392954,-0.347815882,-1.389335558
86gppwMI,-0.863535841,-0.470348189,-1.560002436,1.195183633,-0.730082692
88thAGdL,-0.381893686,0.188000223,-0.213365632,0.356693126,-0.219207197
8GhU8STP,0.672710561,0.685477752,2.018013904,-0.626221181,0.44164396
8NlzDcWe,-0.676609947,0.473689314,-0.7855599,-0.089731335,-0.47085561
8QAejdLW,-0.198066278,-0.137119463,-0.278269399,-0.744600326,0.277817027
8RDeFxWM,-0.391805672,0.604505449,-0.424967323,1.135728858,-0.735678649
8UXP2NBS,-0.477746352,-0.22701265,-0.922645962,0.928798279,-1.05721473
8ZoV3KGT,-0.305792184,0.874420167,-0.654009373,-0.29187334,-0.734099273
8ajs2uG8,-0.478559756,-0.877316834,-0.990489233,-0.436661442,-0.630116614
8bXnz62p,-0.309622102,0.560451908,-0.112687037,0.455631981,0.503363193
8nO1O1LG,1.122776902,1.880393033,1.949710269,-0.718060102,1.148312199
8xE1p8g8,-0.396848662,-0.154001211,-0.576869483,-0.2245914,-0.500545397
8yMDVMRM,-0.418879583,-0.252326109,-1.08653123,-0.197661278,-0.868982994
98R5VaPi,0.642780829,0.387635358,2.214999616,1.031418745,-0.682175369
9DcTz2Ua,2.684653403,0.377615653,2.460738985,-0.023859404,0.680021068
9G7nfUrK,-0.320519112,1.22105444,-0.550509347,1.121617242,-0.644637116
9O6GZ1HT,0.003320859,1.535471298,0.518904231,-0.167879574,-0.846183122
9S7fCoAM,-0.667684611,0.073506977,0.194810071,1.472041141,-0.447952912
9iQwmFJR,-0.310008726,-0.960654766,-0.336626886,1.023426227,-0.273958847
A3Mt6SAQ,1.218756722,-1.195664895,2.16406534,0.471798401,-1.108588577
AJIsQIcV,-0.476845873,-0.703091619,-0.79457759,1.519564835,-0.047713375
AMHKXMh8,1.488239513,0.890917795,2.582455039,-0.793165819,-0.338746622
ASwA2J4E,-0.222898572,0.055996233,0.307885729,0.506031067,-0.243326371
AaFvEoHq,-0.372608964,0.532619518,-0.388206569,0.923540984,-1.170129852
AiIPD6hX,-0.214570298,0.889349158,-0.733189899,0.202818706,0.572598167
AsIURvJS,-0.574324287,-0.849181087,0.136184781,-0.9104874,0.946092721
AsvgbJ0C,-0.25614053,-0.247211734,-0.629182968,-0.385886043,1.25220597
AxEhbkCM,-0.392491536,-0.613932683,-0.360338921,0.10155702,-0.934186237
B7VPkIpx,-0.485556668,-0.00652378,-0.178706471,1.197997215,-1.271861148
BBwHqHiH,-0.219017547,-0.713796018,-0.05065713,-0.692172585,0.034257578
BMyps8hr,-0.289672197,-1.275541626,-0.822090675,-0.537825125,0.136293811
BUHS4dQw,0.154386623,0.116494445,0.313249968,-1.018230884,2.89428006
BZB3EYWQ,-0.252698987,-0.127310648,0.062009852,0.844058329,-0.616536134
C5UPCZcL,3.445870321,0.500428611,1.303053545,-0.536005461,0.819435579
C5gIfQbJ,-0.211238288,-1.472592396,-1.073327524,-0.513511714,1.655808315
CDRuu4Pn,-0.253299962,-0.824271687,-0.137950915,1.031403317,-0.208197116
CQhTYkqE,0.862513096,2.395711298,0.164115332,-1.452016655,0.275378077
CSEobMXv,-0.332561246,-1.99535178,-0.808185717,-0.540070018,0.54591468
CYMQE4x0,0.172195339,1.768620583,2.087457922,0.97182017,-0.082465041
ChQdtl4J,-0.622895505,-1.222041498,-0.179342631,0.895930375,-1.100640847
ChnD1nrN,-0.786411844,-0.225088735,-0.78790127,-0.099415932,-0.454774326
CvtbbIcq,0.991370858,0.315650988,1.203543859,0.331579945,-0.921958815
Cxk06b77,-0.172398192,0.184488856,-0.033314811,0.209134637,-0.259371405
D3QD3ZEJ,-0.0564511,0.448399771,0.548346365,0.018139262,0.589251711
D8J5C6lA,0.465563477,1.77105902,1.805551463,-0.1449641,0.054697162
DCeQwYfT,-0.302268873,0.775868525,-0.50597656,-1.159385468,-0.597857068
DDEftkx3,-0.592395117,-0.42222804,-0.906858354,1.177675289,-0.79946559
DEwCfeDW,-0.48063408,0.801988914,-1.285405849,0.711508238,-0.026513877
DMkIV4oL,-0.439742968,-1.046113626,-0.824502781,0.353944274,-0.4865529
DnzGfbxS,-0.321473497,-0.571532867,-0.395718552,-0.392413574,0.287015632
DoZxo6f6,-0.483054981,-0.163845594,-0.395818368,0.709977889,-0.952562198
DvhBPGIk,-0.386309322,-0.288022617,-0.425600268,-0.031285805,-0.516500771
Dx7GoUcT,-0.708804231,0.226199142,-0.145042885,1.628393085,-0.271548683
E5hIjohO,0.289051162,0.623131078,-0.149871878,-1.065757361,1.335604151
E6x4XGHt,-0.474268758,0.531335471,-0.550526702,1.342033326,-0.385272119
EDEpAzh1,-0.441373705,0.493707493,-1.327700866,-0.652705775,-0.826745531
ETGudkQt,-0.33627693,0.92338114,-0.210885291,0.888458101,-0.616646466
EUleKrLJ,1.88164457,-0.593818285,2.451347983,-0.199006715,0.342718838
Ehw2Jz6s,-0.220999428,-0.391540207,-0.608558193,-0.071075515,-0.384111799
EjqzC4zH,-0.307032363,-1.206463432,-0.270084736,0.962805698,-1.044558921
EkMZO3Qj,-0.350447684,0.160685012,-0.125881633,0.916683255,-0.976426663
EnoNXWvU,-0.127594163,2.006740786,0.589707909,0.100683252,-0.82541308
Epv8ANwr,-0.194288775,-0.378214274,-0.148366968,-0.127189035,0.462459087
Etro9j0B,-0.212502263,-0.276576189,0.026431464,-0.169814406,-0.331540183
F3MIZj76,-0.23831636,-0.406851931,-0.479064049,-1.141521531,-0.391337454
FB8tU00K,-0.467584584,-0.374414621,-1.42705338,-0.601801738,0.222144335
FLhxBGMK,0.012736854,0.437135256,0.861046998,-1.05157491,0.477260613
FRreR8ka,-0.581913567,-1.171427794,-0.270837786,0.570339862,-0.519943194
FXne4oAV,0.198789243,-0.326342153,1.186615608,-0.683844248,-0.675083744
FaW764jk,-0.096266955,0.490172383,-0.413838928,0.40252731,-0.282639322
FeAbMXly,-0.683755835,-0.455313587,-1.253201606,0.523655644,-0.593588203
FeudaFXn,1.767409161,1.049857469,2.771199895,-0.771348375,-1.231612317
FldUmFeM,1.79716132,0.316293812,1.884087134,0.221980107,-0.844230809
Fnv5tfAm,-0.454161387,-1.139099843,-0.597291313,-0.915097533,-1.387916175
FvrAd3Or,-0.261772478,0.261304518,0.669283182,0.751771514,-0.431113055
G48zHffi,0.260395485,2.253110312,1.199470794,0.17100602,-0.193410374
G76zCv5N,-0.42206635,-0.428159888,-0.295417385,0.314454518,-0.608216271
G7JGUdNf,0.067577712,0.832632441,0.159070595,-0.898227596,0.008029781
GCo6MONx,0.723144562,0.987203086,1.83196921,-0.81019912,0.489800942
GE0vbpVQ,-0.090263921,0.857607848,0.303072089,1.316949935,-0.226441247
GN0DfOqt,-0.31970848,0.53215515,-0.12364381,1.106569986,-0.541398175
GNsTAb1v,-0.473630942,-0.416020076,-1.666013392,-0.853465226,-0.779198832
GPwmO21z,-0.349313115,-0.482623468,-0.328407325,-0.155327458,-0.260493469
GQYpfLoh,0.406229261,2.239439249,-0.686152187,-1.06805453,0.171095694
GR9knT8n,-0.47238719,0.657955236,-1.884431363,-0.389638746,1.310535003
GXtFFbZy,-0.268469124,0.930823085,0.331484293,-0.102460842,-0.388740676
GYvzvvFD,-0.74232925,-0.937831647,-1.271523541,0.165448882,-0.961114208
GemPjTJ9,-0.723210132,-1.588160244,-1.678444906,-0.766678874,-1.143915804
GkLYRm1K,1.788954852,-0.149286362,2.693368154,-0.994940202,-0.667015106
GmlqP8eI,-0.316379236,0.552222001,-0.301143042,0.283042816,-0.687810988
GqkIrOvf,-0.604931108,-0.424017706,-1.226092817,-1.013250575,0.118336574
H0fsegPi,-0.468372614,-0.147139216,0.141416343,0.601391517,-0.639315783
H4dHpJjU,1.868627196,-0.119558871,2.417318153,-0.129515302,-0.031971963
H5QwJCuU,2.087140769,2.417311817,2.26914438,-0.322307921,0.804562921
H5uwmSZ0,-0.326789749,-0.328283662,-0.245848065,0.953247333,-0.430114112
H8MtbVoL,-0.296137956,-0.190166739,-0.056701424,0.015887929,-0.516458049
H9JrUYnp,-0.582751697,-0.651107348,-0.103715927,0.573861118,-0.243029424
HHYmmHVk,-0.522100732,-1.082861528,-0.721444549,1.495650001,-0.255120782
HJ5U4uqL,-0.505927037,-0.678886441,-1.659256924,-0.173700291,-0.67685974
HNQxYc4w,-0.209252789,-0.150637832,-0.324245952,0.124057414,-0.397741281
HQYhKHZ8,-0.384145567,-0.083590091,-0.510360882,0.135515539,-0.388752868
HSCMx0MC,-0.43266042,-0.259842883,-0.183800919,1.041850593,-0.721047039
HXYuE0fx,2.133224265,1.052448354,2.192127734,-0.195171259,0.225997956
HdKcxEWr,0.129182923,2.001280013,0.293605148,0.749940175,0.75651318
HecW1iCC,-0.489116285,0.171305638,-1.242977963,-0.601346175,-1.164475094
HpbKB8rv,-0.214621348,-3.992281917,-1.672398911,-0.714082353,1.489456899
HrkoYjCg,-0.004256475,0.167991311,0.134264091,-1.236327686,0.80808394
I5P2uquT,-0.132991171,-0.623189998,0.24893903,1.022734243,0.086095416
I94qkDM7,-0.794873374,-1.302521493,-1.712846105,0.594118521,-0.870048223
I9sQbtt8,-0.1065876,-1.873595616,-1.481462117,-0.539879764,2.090502259
IFxgw6ZX,-0.295571,-0.717273805,-0.382038747,0.305199633,-0.929223159
IPPPSyoU,-0.594594202,0.199293657,-1.454032609,-1.081669186,-0.415914684
IQOYQubU,1.536443332,0.748833875,1.812913579,-0.341808809,0.001369636
IYNE2SxU,-0.59447264,-0.569126464,-0.786749514,-1.035060065,-0.88780511
IZRFk9kN,-0.106143605,0.622232772,0.278199107,0.439051262,-0.284731835
Iaq3v0t3,1.076058557,-0.730790588,2.042525647,0.17588977,-0.767850341
IbVwu1t6,-0.40258782,-0.170688677,-1.611647935,-0.290240435,0.272099296
IcHKTLyo,0.061273445,1.013859993,-0.365621226,-1.236505622,0.327086819
IpW80wVB,-0.17479368,-0.1349014,-0.585820739,-0.624597789,0.153094419
Itb0PYUV,1.238813532,0.039947056,2.134746325,-0.778947322,0.929439983
J8fpSwS0,-0.48638302,1.701531584,0.132985476,1.198873743,-0.881975516
JE1SlbD0,0.304696041,1.784176954,1.275571072,-1.549906755,1.832234429
JEB4McNb,0.831858512,0.319721333,2.158460664,-0.954335326,0.470644016
JEE4QVeQ,-0.179054281,0.002197121,-0.455098392,-0.599272296,-0.354322264
JJSEU2VQ,-0.630193368,-0.369290329,-0.374125254,0.934539136,-0.81045286
JSsVriP2,0.025824461,-0.062510438,1.083341979,0.38930801,-0.391721644
JUvQNiOK,0.07642565,-0.303636726,0.459444431,0.217066489,0.018486714
JZbrRtm2,0.079667809,1.626234545,0.661162877,-0.202536329,-0.727778322
JcE9G92B,-0.067770416,0.423823062,0.048050359,-0.05325614,0.46121195
JnNYpXHr,-0.090074792,1.930676313,0.301821737,-0.729611638,1.610135934
JzpbnOtz,-0.610349896,2.125435352,-0.909334415,0.919490552,-0.975987256
JzzUhPQp,1.743208936,-0.064223568,2.787076519,-1.012768236,-0.37154758
K05R8dQK,-0.04303793,-0.737064888,-0.737654281,-1.539655374,0.370864674
K17pG2mG,-0.052450267,0.545270778,0.113845819,0.245332625,-0.892239608
K8BellUe,-0.00235162,-0.486557196,0.31888526,-1.19689994,0.105106756
KJ2eH6rr,-0.357459948,-0.694423147,-0.463315322,-1.161982068,-1.767342885
KJEJ6Glk,0.310024624,1.67627974,1.167063248,-1.747334279,1.273727751
KSbO0oXS,0.458714641,2.741209754,-1.120667609,-1.331361251,2.533575796
KXtvmd01,-0.324273581,-0.497624947,-0.143449166,0.376701505,-0.445203521
KYiJqBuJ,0.168625802,0.450699171,0.539893936,-0.462138564,-0.930907123
KmbAyTcE,-0.124753102,0.574622827,0.189289563,0.33000585,-0.530962466
KnNyl3rV,0.140836762,-0.191809744,1.091600726,0.748663097,-0.230093126
Kp2DG8TZ,-0.41868633,-0.223386322,-0.420313493,1.094174891,-0.862004958
KqQtKWs5,-0.720978669,-0.426243055,-0.517058698,0.311517885,-0.52572423
Ku27g63R,3.152112633,2.480273012,1.90850476,-0.210243317,-0.775435936
L2aTVqDq,-0.496309741,-0.418375483,-1.637262843,-1.078565569,1.163409859
L5jvq6G4,-0.715647556,0.347981883,-0.329801518,0.559734826,-0.531178987
L91hYVQl,-0.512127576,0.210108047,-0.748309759,0.152877114,-0.633301341
LINAMlbA,-0.557657997,-1.11734694,-1.352256568,0.65936803,-0.249123786
LJoUNXSx,-0.472626558,-0.084752876,-1.655198606,-0.131278582,0.944767397
LLtSiyWD,-0.451741713,0.312559931,-0.510496697,-0.165880464,-0.6174464
LQJtV8kn,0.054174397,0.584926523,0.776602426,-0.98686216,-0.093591147
LW9uddw7,-0.153605195,-3.597395829,-1.150795058,-0.901242567,0.569916829
LZ6sdBTR,0.425372952,0.947046982,1.747513329,-1.304969982,0.119563781
La2Vhnne,0.007691828,1.550537628,-0.245167164,-0.561410208,1.394624033
LaUWSq9B,-0.255652836,0.688368261,-0.261163332,-0.368485316,0.009696767
Lk4SfkPQ,-0.405134836,-0.095782963,-0.522665597,-0.570880958,-0.346544416
LllC836d,-0.108251362,0.267990327,-0.299780732,-0.012610139,0.881103059
LuGiGeWN,-0.769883373,-0.219733893,-1.154060745,0.83969483,-0.953078945
LzcyHcWa,-0.574763709,-0.256123049,-0.553532197,0.499582255,-0.275363437
M7veP0H4,-0.566589354,-1.030693968,-0.432022356,0.745744196,-0.521409144
MB8aaJUc,-0.443856829,0.497169449,-1.881516173,0.250464393,1.168627255
MDpe2zuy,-0.551758953,0.671575228,-0.317829675,-0.607760145,-1.539833605
MEzdmEIU,-0.285529923,-0.05235065,0.093562725,0.164421165,-0.371136734
MVnhtivm,-0.317566226,-0.674955198,-0.271156398,-0.024724033,-0.570014239
MYU7WDis,-0.205713404,-0.215460526,0.08317211,0.734379995,-1.217251449
MZFqh6yw,1.729574399,2.467708281,2.66912498,0.266517474,-0.4682127
Mdgy4SsO,0.23135018,1.989899669,-0.855700478,-1.249364122,1.956353118
Mj8awnzy,-0.360082118,-1.398205061,0.401877823,1.423018152,-0.065618028
MpFPbUJy,1.640565641,0.028367297,1.844600695,-1.146892341,0.655284002
Mqk7MFBM,-0.350891972,0.614235288,0.131188341,1.356817767,-0.653478419
Mqs2t1Eo,-0.400210647,-0.357367602,-1.031607838,-0.888960599,-0.369997341
Mv3jFVxp,-0.143545258,0.344410132,0.167296055,0.296907548,0.148449204
MxODTXvA,0.058557076,0.533767244,0.884731444,-1.271998628,0.805746957
N46PbpPM,-0.321624388,0.441986828,-0.144058613,1.009197815,-0.643047528
N5S5F9Gk,-0.920090363,-0.867377812,-2.179414417,0.668629295,-0.945854352
NLDg5fqw,0.433115439,3.022953868,0.411991867,0.09573894,-0.438806878
NOho2ZiM,1.830588997,1.209040415,2.335834524,-0.384221014,0.339060515
NUuY7PFU,1.441914022,0.484225898,2.135618181,-0.799117646,0.974326298
NV1e8AEO,-0.448764184,0.458280895,-0.299885591,0.987149964,-0.594812547
NZLXROKC,0.174924024,-0.913414829,-0.288777269,-1.137527961,0.521799863
NaJo7C6o,0.451047089,-0.864640662,1.686212733,-0.060215865,0.466326413
NgsyGkrO,0.055624323,0.014799607,1.13732627,-1.556104234,0.836281061
NjOx4Zpo,-0.377138999,-1.076205442,-1.4047637,-1.410814406,0.612253301
NmQoI7x0,2.347017882,-0.151138973,2.73332915,0.095551084,-0.92372145
No4wkdLS,-0.706688871,-0.239514831,-1.153790987,-0.135411863,-0.458026248
NouMwhOf,-0.361258726,0.248006879,0.263200695,-0.422493148,-0.656704237
O6YAWd8C,-0.18342904,-0.511028958,0.095588956,-0.912410775,-0.145276341
OAXVphSh,2.285356589,-0.371971251,1.833324129,0.766151545,-1.056844496
OJBBhb6Q,-0.72286004,-0.620806644,-0.277239192,1.068606222,-0.886736318
OSIQXImL,0.444579645,0.355906378,0.241758623,-1.012063514,0.428086405
OUUFc5Zz,-0.448311728,-0.642852409,-0.001407331,1.218911024,-0.703521811
OVk1lquT,-0.049652759,0.666146223,0.479003989,-0.132389698,1.366327433
OXdRxjzz,-0.324592814,-0.193865015,-0.579154018,-0.803375135,0.892513527
OXxW2ekf,-0.422542341,-0.154152025,-0.745271328,-0.034639939,-0.592033772
OXz5OpqR,-0.004802536,0.153873506,0.037730217,0.320668573,-0.637326188
OcBFW1AX,-0.841985044,-1.304105541,-1.986810497,0.992601186,-0.271350506
Of9V2rpt,-0.136952286,0.635489563,-0.329939427,-0.704950707,-0.301096607
OfLxPhbG,-0.076845426,-0.054972893,0.535201261,0.803351383,0.288590961
Ojx2vi48,-0.475284931,-0.567826358,-0.638908538,0.281964845,-0.449101417
P3M32iuT,-0.219355034,0.713965001,-0.609806548,0.455452307,-0.633184706
P7olVzrO,-0.487154948,0.272918582,-0.570484936,0.253457576,-0.931802222
PAPHErnv,-0.60630681,0.40492138,-1.425257634,-0.982572644,-0.54049973
PBjEtfXb,-0.321534649,-0.065114105,-0.155297847,0.596344512,-0.405860286
PZGpoBBj,1.495495311,-1.024022403,2.52946633,-0.956940075,-0.320551884
Pc2RrxXS,-0.653207851,-0.547064383,-0.20142653,-0.302353932,-0.83730514
PcHQ4FOu,-0.477041543,-0.591021014,-0.687953243,-0.013052449,-0.468774732
PeNyTOVN,-0.23144121,0.974357071,-0.208603703,0.731838388,-0.330172144
PhUPSU53,-0.529834242,-0.233840746,-0.663309347,-0.159657331,-0.310913279
PmUNeV2O,-0.699909196,-0.654361237,-1.198182144,-0.041272733,-0.385879375
PoDJ0uvK,1.790658205,1.906314178,1.619734567,0.024597237,-1.044929522
PsUJdJdg,-0.154292623,0.361396958,-0.418324176,0.480184951,0.550331575
Q3xLFx1f,-0.330594896,-1.256266963,-0.7945255,-0.433373149,-0.414886453
QBGxCvdM,-0.062789225,-0.191615312,-0.053017786,-0.715870699,-0.190578355
QCEPyu6L,-0.487909619,-0.255453732,-1.560045012,-1.118173012,0.097345732
QEfwec4s,3.228736188,-0.975796948,2.362205897,-0.229398283,1.598955365
QZ87Nnr3,-0.700907074,-1.072842213,-0.593123376,0.845774215,-0.970591243
QlyGN9jv,-0.469754406,-0.065512805,-0.597774062,0.016217969,-0.144858539
QqgWE1ny,-0.37381785,-0.365681122,-0.481153296,-0.66146512,-0.277250179
QrjjBpZd,-0.277218302,-2.106122057,-1.08330879,-0.600242022,1.339175136
QsaBiX7V,-0.449195645,-0.880859901,-0.523517296,-0.386362581,-0.672520102
QtBKJuZk,-0.367794322,-0.776566469,-0.059778237,1.222478768,-0.085987524
QtPRO8OJ,-0.626114968,0.25112902,-1.058003929,0.473634051,-0.593902331
R8XcsFnp,-0.766734359,3.541427445,-1.800698644,1.557351749,-1.656775166
RROfRt9z,-0.156515576,0.649293883,0.133844175,-0.904695704,0.127699183
RTcbiDGq,-0.616506897,0.169276221,-0.900951098,0.378914083,-0.728792931
RVidM9g0,0.090698912,1.465745767,1.404731034,0.561111387,-0.75222729
RZnQSH19,-0.398038826,-0.024031148,-0.186980418,1.168201368,-0.571804801
Rc4UK7fT,-0.736510937,-0.763097071,-1.225143403,0.31969066,-0.637318269
RcKBKh6B,-0.271705439,0.082508658,-0.302118448,0.877322949,-0.27188601
ReM5kDa5,-0.066331885,0.397530136,-0.163228425,-1.059109697,0.146507247
RfntsotG,-0.505174291,0.430404739,0.015117208,0.694820466,0.17916507
RiXMlzXD,-0.489011884,0.600515269,-0.740660367,-0.030015188,-0.743035787
Rik83O3m,-0.362602895,-0.390948599,-0.216922069,-0.37737212,-0.027399596
S3PCzDzO,-0.212377079,-0.533907599,0.218155977,0.980919262,-0.898397943
S77BviOJ,-0.515964421,-0.261444377,-0.443920368,0.040044561,-0.333292767
SDdvtktF,-0.410129355,-0.017266767,-0.748847016,-0.4225323,-0.197159581
SHs1AyfM,-0.194285227,0.38936111,0.066504042,0.910840388,0.180582032
SO4zQy9k,-0.292748121,-1.17905649,-0.244083456,0.147616661,-0.171676454
SOOBCoiG,-0.212022292,-0.210525068,-0.638783332,0.075086377,-0.162272092
SXkkPB7A,-0.527468609,3.487159072,-0.326230884,1.002835261,-0.931169982
Sa93dGqq,-0.67711431,-0.682009972,-1.86949532,0.455991626,0.466166762
SonIG72a,-0.521210254,0.152491833,-0.522771918,0.162762051,-0.000681754
Suf6hIBc,-0.259245103,-0.263445562,-0.086984369,0.623072354,-0.171929352
Sx2JeSRz,0.010905666,0.761264467,-0.236686714,-0.761729143,0.282259736
T1Tlftr4,-0.252234317,1.141110355,-0.107684023,1.229934883,-0.893308776
T7ulR4ci,-0.303879319,-0.939083599,0.178345625,1.086837226,-0.307094
TA1NB3Br,-0.222236312,-0.314515922,0.070455707,0.465263028,-0.277485021
TFZUskaK,0.128173598,0.597844662,0.050396394,-0.813266329,0.094995522
TNL8HGWZ,-0.029853191,-0.195678151,-0.300556147,-1.037268624,-0.254283268
TZ8z1GSF,-0.383454178,0.846434348,-0.36759229,0.654626004,-0.049817432
TqhRvkJJ,2.006770789,-0.001674043,2.44939315,0.017002772,-0.698951178
TtJCUiY4,-0.600612497,1.897285688,-0.535027146,1.614964367,-1.308711456
TwDq0lua,0.745224224,4.021716431,0.707939251,-0.856280224,-0.139981091
Tzyf02sI,-0.287780409,0.965459436,0.127403685,0.422853633,-0.743228915
U3yI6ZS5,2.830185382,0.689853178,2.446659808,-0.609488386,0.850446629
UBLnXZAN,-0.152641448,-1.205020342,-1.906946056,-0.214986576,2.600166065
UBWDzleg,-0.413102716,-0.61817917,-0.940677628,-0.937940116,-0.043197973
UBqkX6SY,1.273875123,-0.235515391,2.411926311,-0.710077025,-0.037884799
UCIAi1Aj,-0.81693467,-1.540377568,-1.657846979,-0.031858909,-0.516258414
UPbXGvCS,-0.043436635,-0.109933973,0.066022769,-0.834453222,-0.128212659
UeWm1l9F,-0.331968776,0.146804377,-1.548123898,-0.590565045,1.733118392
UhucscY7,-0.596907419,0.846995951,-0.684289158,0.021010614,-0.644479028
Uri1SvHV,-0.001700316,0.072747876,0.120474288,-0.893381411,0.245084717
UzxipGJS,-0.395371707,-0.038151853,-0.67586817,0.758821984,-0.232761125
V74zfaAQ,-0.202680823,-0.422698095,-0.386646729,-0.559122511,0.022413307
VBPxBLTh,1.413370582,0.973181341,2.250098498,-0.678458925,0.747259069
VLG7CXYS,-0.306931367,-0.038207635,0.173162874,0.736329011,-0.356034283
VNk52SpF,-0.250567375,-1.369032547,-1.519613742,-0.473375986,1.913378321
VOREKsok,-0.57356723,-0.205317762,-0.772982095,1.428452519,-0.762568822
VRhTr5pX,-0.383283371,-0.310488835,-0.325588732,0.145007776,-0.714099474
VTcG4Kcw,-0.273786347,1.832238035,0.47807524,0.682230962,-0.359617587
VeKiWSbS,-0.248089457,-0.119951547,0.228787022,0.398300771,-0.062128058
VnU8nJHU,-0.449795046,0.479853502,0.018783778,0.040481121,-0.662272275
VueNCxYv,-0.391799752,0.345812962,-0.485028209,0.146034909,-0.517477931
VxuQTRUl,-0.502969705,-0.688794807,-0.493059004,-0.466382542,-1.050871385
W5lgaocA,1.302200321,1.01225871,2.095125622,0.288846569,-0.718752682
W5mMq9Ef,-0.44126214,-0.055759309,-1.304037135,-0.039954056,0.489198074
WDhNqFpS,-0.059048254,0.076181065,-0.69403202,-0.630494855,1.172079623
WE6n1kZi,-0.478798148,-0.582968197,-1.975972904,-0.324951068,1.307877714
WFk6r3vA,-0.442362288,-0.050841423,-0.627191733,-0.560244997,-0.347862909
WFyIrsUR,-0.479208692,-5.692922511,0.073770061,-0.599690602,-0.19739133
WG6ZAsqR,-0.641919296,-0.851964045,-0.760358573,1.018961362,-0.862190877
WMq3CZQk,-0.41607561,-0.5775723,-1.443759766,-1.657041104,0.038166927
WRskmGjh,-0.513245088,0.323217179,-0.511202392,-0.716940743,-1.287576674
WXijSglj,-0.457155161,-0.387326079,-1.205581465,-0.127135032,-0.145526848
Wc0stQgu,-0.423847168,-0.54113334,-0.777132411,-1.001591686,0.772531065
WewoSCUB,-0.742043485,0.173680281,-0.920490553,0.456599853,-0.554374366
WuHuhHWJ,-0.066999028,-0.792460068,1.055461798,0.944386527,-0.105202111
Wv7EBtZb,1.20513319,0.992163536,2.246165368,0.028049679,-0.116182004
WyPlxDn0,-0.463166273,-0.36316752,-0.569068286,0.82857326,-0.299866355
X3WqoSNN,1.750075146,0.097871263,1.588448037,-1.017989442,0.529351165
XDhyP9KB,-0.641766344,-0.731685515,-0.583871148,-0.560337203,-0.164635981
XQxhDRMG,-0.788281545,-0.786898961,-1.747230086,0.836433536,-0.214740582
XjLNAwxW,-0.150877561,-0.88575529,-0.467379388,-0.490744072,-0.054344277
XjfVQbXd,0.456276984,-0.078491255,2.107351807,-0.767951296,-0.281693697
Xovczbf6,-0.675107978,0.252675044,-0.81394649,1.637728682,-0.88470413
Y8H4onBf,-0.868245669,-0.139389833,-0.206372758,0.884105524,-0.802654653
Y8YgzSZ9,1.881694181,0.576105792,2.393260705,0.357103624,0.279745272
YC4PNV20,-0.638210614,-0.366694135,-0.276995622,1.380079891,-0.310965545
YDHSCRdd,4.114524804,-2.892426098,2.696275757,-0.41812996,2.357613905
YIJ87aME,-0.342823838,1.91596302,-0.402294479,0.863561154,-0.437936941
YKvT4dFv,-0.304896686,-0.229202922,-0.317712165,0.484347354,0.109293569
YNebALR2,-0.699556257,-0.942556011,-1.079024141,0.487770377,-1.281598369
YNrnqFyb,-0.195952898,0.718599819,-0.152379342,0.291241468,-0.566271691
YUZ4lR3m,-0.383206045,-0.108795289,-0.147711301,0.895060388,-0.165320884
YYLvjoVC,0.189224562,1.118337406,0.610961542,0.588334257,0.040591184
Yb8OtMb2,0.294712047,0.632311265,0.525238773,-0.917171557,0.287716948
Ycg4lTYw,-0.156675819,-0.343626133,-0.771212838,-0.907994942,0.23726956
Yfk6tekH,0.095463656,0.897452675,1.0576089,-0.543870012,-0.32741679
YoSfgmR6,-0.63938067,-0.407907342,-0.281556357,-0.22402194,-0.499126307
YpzFvexy,-0.440947551,0.94070234,-0.889011755,-0.066567861,0.656502332
Yxqppfa3,-0.28288502,0.241742766,-0.041564214,-0.451463684,-0.010949534
Z16jTUvP,-0.323618577,-0.788735793,-0.78604925,-0.122007696,0.279592029
Z2BdCCbJ,-0.346532478,0.310288503,0.00339267,1.007315143,-0.675509939
Z2JJMM6V,-0.40446702,-0.112848382,-0.492814823,0.89679264,-0.61556343
Z5jE1OB5,-0.292373684,-0.218277649,0.653056595,0.433675647,-0.510749321
ZFsIqYxA,-0.410647962,-0.203588998,-0.54059417,0.298184848,-0.142418212
ZHDVsoRh,-0.350134271,-0.306164039,-0.643843574,0.016913453,-0.086418572
ZSmfu2Fc,-0.289123087,-0.521267503,-0.509471373,-0.381933189,0.047759275
ZU8YXF3H,-0.608940282,-0.210903654,-0.768422351,1.366782163,-1.05542965
ZXKaNy6Z,-0.548700202,-0.49241269,-1.22849715,1.571882061,-0.026129996
ZbYLo0zK,-0.289219963,0.554333519,0.076564278,1.085432309,-0.174277277
ZedN8Gcn,-0.674841189,0.118550468,-0.204093412,-0.040509276,-0.499577767
ZgD4Dau6,-0.14650835,-0.175583849,0.023641949,-0.935123307,-0.963539478
Zgzf79LA,-0.820904468,-0.215563604,-1.157437879,0.297226643,-0.389708868
ZjqzxDOF,0.300829039,1.326818134,1.208611276,0.10087799,-0.718095806
ZsZ5aDpq,-0.106775728,0.5533986,0.442734297,-1.1583369,0.685800464
ZtyqE7If,-0.2117998,-0.427554878,0.063767871,-1.522027408,0.088503092
ZvUgz01f,-0.231906431,0.408516142,0.347658715,1.132343927,-1.154881208
ZwrhgdQV,0.431841695,2.939367177,2.209664714,-0.524651564,0.454623935
a7bhJGBU,1.809904079,0.458020871,2.179167335,-0.326621064,0.195518293
aHpv6KzP,2.916722193,0.662417909,1.718761142,-0.379165765,1.106634425
aINzEBVN,-0.570353566,-1.273067089,-1.030040491,-1.124081273,-0.416881552
aP9EtTGF,2.575378597,2.209242151,2.232696598,-0.820295176,-0.573620158
aV6EhtSL,-0.358829114,-0.113572986,-0.094185164,-0.133598459,-0.264118945
aVZsXKoH,1.535923075,0.450998998,2.556585917,-0.568432859,-0.445320098
aYVnVJvc,-0.108999893,-0.193602374,0.109230327,-1.038686718,0.880788172
abCzN1zx,-0.588602697,-0.918903532,-1.524610007,-0.83949522,0.679156906
ae7sMiB4,-0.169982106,1.151944385,-0.270360549,0.482862924,-0.188732186
afsVuCGV,-0.401626643,-0.693712678,-0.519537201,-0.377351234,0.067054154
aiwBQETI,0.074377521,-0.174774762,0.170814162,-0.832318416,-0.132219413
aiyli4EI,1.680487565,3.717587901,1.661964432,-0.4224107,1.40883464
apJ7NmzD,1.9289428,1.509169715,2.436110379,-0.439309666,0.031229608
atVjNMtQ,-0.32253616,-3.681528188,-1.16269274,-0.575747469,1.779905504
b5GirVGV,-0.397766856,0.128115975,-0.187456551,0.775245208,-0.663689545
b9SpMjNB,-0.173001076,1.347854289,-0.295208854,0.850007512,-0.309156451
bAFs37yy,-0.36332522,-0.457747039,-0.241627414,1.088964148,-0.740280615
bDia1hHV,-0.455490889,-0.817029255,0.393621264,-0.968524151,-0.294458245
bFkv5Mtr,-0.354062513,1.336087616,-0.842298331,-0.608660403,0.013438836
bHe2IXgA,-0.016446112,-0.856017062,-1.894451932,-0.103823887,3.300151014
bWX3vUm5,-0.056369352,0.133149798,0.150742277,-0.843587078,0.185601291
bat8tcGs,-0.2153428,0.06754438,0.113952898,-1.492373302,0.402795265
bfjej4wu,-0.712968453,-2.015583929,-1.374098092,-1.263177324,-1.208298239
bh04YDiP,-0.233376133,-0.442945139,0.0696356,-0.259265442,-0.128865757
c110Fdc8,-0.244291078,-0.20080574,0.062009688,0.067718944,-0.116440335
c32GUzMa,-0.829020937,-0.29591774,-1.813981377,1.256416918,0.008916225
cT6uU0B0,-0.50122349,0.05792082,-1.111301734,0.969936217,-0.396754831
cWXCiFwh,-0.63431127,0.111132836,-1.003145599,-0.902599568,-0.976910588
ceNvS3yd,-0.435514457,-0.880867606,-1.25126969,0.084258321,0.065141581
cmwdt4Av,1.342106671,0.299073483,2.103442452,-0.398917255,0.117764293
cn4EHsup,-0.584649275,0.491935915,-1.985518849,0.034700321,-0.016983062
crVOGGTT,-0.314862224,1.28170373,-0.136180491,1.725374769,-0.486484439
csPEJ1E5,-0.626793975,1.987328742,-0.420011774,-0.366157993,-0.776009901
d0UrRtMk,-0.591391778,-1.363664888,-0.46769232,1.5707973,-0.048306014
d6LU4G4I,-0.697994399,-0.473566839,-1.157971982,-0.264579188,0.298690618
d74T1DVv,-0.517486204,-0.511068261,-0.938249396,-0.9111462,1.344455137
dR6rM1tQ,-0.052205823,-0.24935676,0.353317545,-1.099200349,0.301487112
dUNxOoqg,-0.666546305,-1.493313385,-1.20507028,-1.114400118,-0.545529413
dUnlyhj7,0.616347964,0.051160033,1.270842809,0.211441941,-0.460980748
dVDlnZQ6,0.027120447,0.215035232,-1.149041276,-1.112995188,0.366268189
dVT26GDu,-0.334621108,0.594897681,-0.074034064,1.248552927,-0.24779257
de43ycXY,0.104929733,1.88589756,0.436505561,-0.35408828,-0.916966979
dfIn7m9z,-0.326939766,-0.713324571,-0.407553368,-0.258699352,-0.371446186
dhmb9ZY9,3.252029638,-0.129832177,2.251851762,-0.90373086,0.790522378
dn8kCuyf,-0.298114481,-0.102053083,-0.362802407,1.128298871,0.174035783
dpcquvWW,-0.506330498,-0.276486259,-0.262236335,0.36140128,-0.42747889
dqcbIMyr,-0.805317321,-0.993609986,-1.520468329,0.056676596,-1.127875195
drWgsBf5,-0.416144074,-0.734772831,-0.382922227,-0.658136753,0.062615346
dytx0HSe,-0.63088468,-0.310353007,-1.215768421,1.141825712,-0.863364845
e4KkkIha,1.642187405,-1.294383147,2.637501258,-0.646498374,-0.373194007
e9YorH4m,0.114071909,0.027161912,0.668813115,0.59130055,-0.51052537
eB9gVQ0R,-0.683258727,2.055459264,-0.628951331,1.816550853,-1.452463266
eMhLFqU6,-0.770102798,-0.520757633,-1.759420741,0.213296576,-0.376174121
eMllg1qm,0.334692663,-0.623702809,1.229921026,-0.357030076,-0.434846152
eNPunZ9i,-0.736557936,-1.13174657,-2.057105059,0.463305473,0.364204832
eS5BSM4J,-0.336913919,-0.779347695,-0.304281224,1.208316427,-0.252222766
eVGMFoOI,-0.040717417,-0.170311475,0.541618351,0.60499861,-0.429979542
eaIwb3rG,-0.36291186,3.699629491,-0.027001668,1.314739612,-0.867712722
eyzw8Vis,-0.708028473,2.793314181,-1.068476754,1.355613919,-1.141908655
f04Ke2bN,-0.261719589,0.87980241,-0.900674863,0.118027525,0.439058548
f4GA0te1,-0.336071991,-0.512466515,-0.377696778,0.161644278,-0.563902547
f7bd91h5,-0.314543228,-0.831121691,0.339481461,1.201668177,-0.009408934
fB7z9ndr,-0.611374129,3.296992341,-0.658519018,1.609538403,-1.068066745
fEe7AWFA,-0.245209712,-0.001204329,0.028669143,-0.932371324,-0.144845645
fJJIbgY9,0.216321262,1.562476562,1.5490326,-0.793856192,-0.707320617
fQBURMvg,-0.383048099,0.189189927,-0.041154519,1.024668473,-0.660965944
fS0HpOub,-0.45631367,-0.666320752,0.501355801,0.736934906,-0.295775648
fTDXauuk,0.336759017,0.925726271,1.319451258,-0.734262291,-0.381865855
favPNA2N,-0.695164525,-0.308334356,-1.24406215,1.031006124,0.269696333
g3Fv0U4k,-0.147194191,-1.3388295,-1.296232731,-0.243872136,0.892160296
g5PKo2E2,0.698669113,2.396597124,0.70981992,-0.608217503,-0.168296198
gbjnD5fe,-0.288079827,-0.127847245,-0.747708842,0.582202632,-0.572126734
ge9zqXCv,-0.604920993,-0.297185987,0.093035695,-0.899826933,0.93425624
geeqJpSE,-0.43027524,-0.700768121,-0.130122237,0.7386211,-0.145944262
gqy1J2RS,0.613019173,0.59645563,0.260085981,-1.139905025,-0.311913287
grlUtS3H,-0.211976951,-0.258454475,0.243424722,-0.646059508,0.516091071
gx965KYj,-0.190491966,0.728620158,-0.141134295,0.294983843,0.294945865
h3F08Vjm,-0.589252662,0.570617522,-0.178767132,0.516753092,-0.596065871
h6FQG8Iy,-0.209183142,2.668085691,0.195760344,1.430696005,-1.004522092
h7ftM8b3,1.523005787,0.347040109,2.824488418,-0.697749284,-0.447976156
hLrCHXZv,0.003899841,0.928019558,0.183282847,-0.788672235,-0.005198952
hQ6VBuFx,-0.650869893,2.358459678,-0.650992501,1.81251147,-1.234089925
hYoR2y7w,-0.40170666,-1.18383257,-1.159944448,-0.995166453,-0.175452221
hf65yZkM,0.110174888,-0.235443178,0.665900539,-0.857328907,1.143236448
hjuwe1x4,-0.263963713,-0.966346064,0.062975635,0.067126111,-0.787189143
hyINlsFR,-0.930073645,3.785460545,-1.478817678,1.388416609,-0.612827741
i0Qlm9Bv,-0.020592213,-0.327166738,0.993237065,0.890760901,-0.337393102
i1VxfxMb,-0.115348951,-0.549761428,0.669362461,1.04727649,-0.375338485
i2l6jXNP,-0.409103157,-0.568471612,-0.881590772,0.06947333,-0.601685678
i4FgPZv7,-0.521483534,1.183274514,-0.54498572,1.454273328,-0.884618272
i7XtIkSi,-0.335435732,0.623502402,-0.267843516,0.29155861,-0.048342414
i9z346Ut,-0.100970107,-0.164728557,-0.54614277,-0.303731922,0.983060499
iDOat4cZ,1.818640806,1.866012499,2.562669565,-0.740672569,-0.324229706
iNv6RoSO,-0.066796626,0.59233207,0.088787245,-0.292797211,-0.156191872
iSL9NYzy,3.560995078,-0.555435856,2.703808708,-0.487012113,1.656419785
iSqVc1r8,-0.034987857,2.228256647,0.162573767,-0.261649506,-0.827979695
iYZMftt6,-0.517061192,-1.266412606,-0.394227562,-0.972447446,-0.377929367
ieTPaa3c,-0.293688386,0.263645328,-0.706007361,0.330136034,0.14806956
if7BmzU0,-0.405060613,-0.607393311,-0.273500455,0.767955151,-0.193442039
ihNz5bmx,-0.239552386,-0.602430561,-0.234246114,-0.796895396,-0.144800043
ikJXKdIN,-0.569237224,0.402295995,-0.86238765,0.368963336,-0.397317983
iq2kxikN,-0.103231278,-0.754914564,-0.237479519,-1.053697797,0.06745397
iuZEDJK7,-0.449088128,-0.449323558,-0.219268314,0.511739573,-0.388132936
iyF8gVT7,-0.710252928,2.720497696,-0.999985137,1.495190523,-1.384891208
j06qdQ0V,-0.497489288,-0.234084929,-0.408929601,0.465421684,-0.469977632
j7hl8svO,-0.352558638,-0.960551335,-0.250294108,-0.48465051,-0.700158861
j8hMoJUN,-0.477068962,-0.626542208,-0.987649933,-0.20167747,-0.41653477
jNaFasbV,-0.63099133,-0.788271425,-0.78203781,-0.859598836,-0.133497561
jVVHeYHT,-0.331949241,-0.327080208,-0.20383655,0.925948401,-0.922564601
jXm4ySvK,-0.398413555,-0.104779234,-0.102307683,0.644830472,-0.504509302
juO5ii5l,-0.122173659,-0.651318758,0.160367692,0.374039604,-1.005305196
k2hdEBsU,-0.488371011,-0.99985289,-0.525580145,1.397386906,-0.251019106
k3ynMfhN,0.392056173,-0.38872079,1.609486462,0.417003548,-0.287237751
k9C9yBtr,-0.031826716,0.403105249,0.248934005,-0.83411959,0.319879021
kAKRvcRo,-0.179755598,-0.082124049,-1.00443165,-0.995510315,0.442697086
kBi3R2oC,-0.071672676,0.789124225,0.015195051,0.323196306,-0.603450632
kDWmnsXe,-0.097099267,-0.37994307,1.038388791,0.360882749,-0.706422456
kSGBd2Vh,-0.313268952,-0.539555772,-0.14721493,0.619600853,-0.332684182
kT0miHPT,-0.302432667,-0.207320712,-0.259939124,0.024990632,-0.702763527
kaW0TfRn,-0.432309075,-0.390137364,-0.805591757,0.096569812,-1.045793735
kmg3SowO,-0.448076653,0.372827736,-1.224714225,-0.165593664,0.883097551
kpxKSlnF,2.705955843,-0.07557539,2.044805276,-0.214338418,0.130981796
ku2cn1MV,0.571777132,2.693591303,2.373420611,0.439255251,0.047093659
l1su5HU9,-0.411961824,1.227205818,-0.309269735,0.916499013,-0.349605712
l8Tg2RvD,-0.463638687,0.528404554,0.154049193,0.93998061,-0.996149735
lB6NsVOc,-0.178759027,-1.299062044,-0.831482084,0.322563106,-0.235611889
lEcdVyKk,-0.598893006,-0.043530527,-0.417107314,0.803687328,-0.785769942
lH4TasGl,0.065834021,0.447268999,0.717905463,-0.27780804,-0.500977193
lO9aggHW,-0.154871988,0.179560435,-0.060529233,-0.415423095,0.012127007
lW3m9Vzu,-0.354853369,-0.404372737,-0.383605094,0.176224079,-0.453420156
lYLseGDP,0.485156387,2.645586433,0.733870591,0.408439661,-0.160843972
lcOnCdZi,-0.113604255,0.869265842,0.70767878,-0.006807493,-0.561438423
le9YGwON,-0.124733487,0.836127543,0.46578412,0.526945582,-0.434670361
llMvu3TX,2.484754762,1.385340158,2.065259618,-0.483824556,-1.637385083
lnHh2jFO,0.052072606,1.063014606,0.880065231,0.131969156,-0.411058446
m07CVXd4,-0.548124568,1.963324615,-0.326563461,1.735651764,-1.154499575
m1lPk91z,-0.310006698,-0.813125263,0.467705377,1.324289146,-0.095942782
m9IQdmwa,-0.376151152,-0.01690067,-0.097752792,0.912966503,-0.64020174
mG9BRy5x,-0.503869962,0.615523906,-0.494089943,0.788815218,0.152106261
mVHXnama,-0.496525483,-1.461091576,-0.977631608,-0.998054929,-0.550176472
mXyrR6nU,-0.518907751,0.432029125,-0.764975691,1.611574512,-0.070881814
mbzNdxNc,-0.288433543,-0.056875957,-0.432622631,-0.59667155,0.489379329
mntH7g3L,-0.09706952,1.913417929,0.145876794,0.012519138,-0.833782864
msRTXP3H,-0.244648502,0.05356851,0.055863875,0.31499177,-0.473113415
mxBjvIPR,-0.496418454,0.521316401,-0.806223339,0.653394529,-0.443880321
n8Opmfbz,1.710837544,0.45388872,2.534218727,0.166757767,-0.648313707
nOkgU29Q,-0.627248408,-1.712753655,-1.486220395,-1.497983302,-1.040631455
nhttf7VM,0.149646838,0.593700844,0.462829361,0.264754373,-0.109167817
njLbXYa3,-0.506074056,-0.018905384,-0.272553897,-0.441042401,-0.783507563
nwkIpzmh,0.547034292,0.508302036,1.464240902,0.58630925,-0.731810474
nzB1R9Zg,0.178673748,1.184492523,0.766037235,-0.009282394,-0.505953521
o1rZRI84,-0.60040586,-0.553624043,-0.747074928,0.014058441,-1.054891659
o7q5Mbty,-0.178029115,-0.307706498,0.532939325,-1.436389076,0.386945545
oCBvysqB,-0.73060289,-0.38027578,-0.280625073,-0.48518048,-0.697418442
oDmycTPH,-0.561689275,-0.01096865,-0.235898277,0.548994467,-0.625250246
oFAXZvQv,-0.398825271,0.08741712,-0.453487782,-0.272479193,-1.185492121
oHE3M1zX,-0.255312984,-0.346358847,-0.264293798,-0.225191857,0.959105765
oMhVmSpV,-0.46049783,-1.127377929,-0.689175722,-1.194167671,-1.471537262
oNsDqVbi,-0.064129822,0.911554485,1.38016769,-0.471399161,-0.509435761
oYAJqQk8,-0.576868505,-0.203073458,-0.366117023,0.437336816,-0.420512731
ob5Kb6dW,-0.498594039,-1.136887227,-0.878206521,0.644041149,-0.431086806
obnzqs79,-0.643732,-0.720647312,-0.821380635,-0.120795954,-0.513770488
oncLcgRP,-0.243702132,0.359543715,-0.170743408,0.114403129,-0.178144806
ooWVYaAe,-0.065205192,-0.242236977,-1.542854784,-1.164365274,1.05924187
osdyOUnV,-0.739422883,-1.031692213,-1.80210781,0.328819986,-0.116618626
p7H9CzCv,-0.837095887,-2.195705676,-2.173264327,-0.600140547,-1.258759404
p7U9hVhY,-0.409158927,-0.36722892,-0.384716872,0.221145117,-0.280116183
pE6Cf1RV,-0.367543416,1.342480231,-0.116315697,0.989622334,-0.712098055
pI7qzotI,-0.50857469,1.520040743,-0.678744929,-0.891556862,-0.087699477
pJrIA4sk,-0.44626672,0.119410474,-0.709724721,0.289729341,-0.785984163
pXne2CLZ,-0.424927143,-6.243514102,-0.17838517,-0.525677699,0.642588702
pZMcDIOS,-0.31006531,-0.370024485,-0.203199788,1.03605877,-0.818631272
pavfp3cc,0.109343854,0.868556522,0.144066452,-0.548460013,-0.368812577
pbQdC5L3,-0.632201007,-0.778432424,0.062162841,0.572749958,-0.375647704
pgj7aAFP,-0.353964193,0.154513138,-0.26533303,0.459686461,-0.319592635
pxg8G3ed,-0.940938983,4.011821024,-1.750715004,1.61772007,-1.676206224
q36Npk6l,-0.954303319,-0.035413972,-0.517842243,0.926496668,-0.863558336
q4aDOVvq,0.643533672,1.957071401,0.190813695,-1.28407968,0.669423016
qGmfR9CN,-0.514338204,-0.603946197,-0.912966908,-1.092420626,0.006009662
qJ51ODpA,-0.342551674,0.116216546,-1.075555688,0.102064698,1.123768351
qQX3cs3I,0.056131037,-0.204699048,-0.356389037,0.537574076,-0.78591976
qXeIxPb8,-0.329864367,-0.425198684,-0.434399013,0.677255842,-0.12146853
qYQ4MShM,0.148204332,0.534271578,0.114947294,-0.937014028,0.828004269
qa0etnhK,-0.292560867,0.895663562,-0.097888174,-0.264548009,0.027793319
qbL4sboq,-0.509521683,0.415453239,-1.538210134,0.95388431,-0.807693094
qbYrsWHq,0.572767386,2.013498362,2.134898849,-0.25073271,0.237420182
r1zmcUqQ,0.464933561,0.053184277,1.180335338,-0.724760058,-0.599773229
r54iHeQC,-0.270699008,-0.177173594,-0.242907798,0.606129028,-0.237575519
r6xrAnQV,3.748433703,3.86556098,2.002997138,0.140884907,-0.52233682
r9HxnQDg,-0.234242364,0.443518187,1.054964831,0.716116705,0.352985176
rG8Puuf9,0.604317507,0.870692415,1.676901325,-0.860133144,0.370439677
rGuiefuR,-0.166735397,-0.318796262,-0.972813191,-1.459212685,-0.008599548
rJ19OhGP,-0.632557428,0.501967493,-0.607185206,1.540605124,-0.893826253
rOCYepHd,0.219193771,-0.248575274,0.555126537,0.496410769,-0.874593089
rQJaOPFI,0.104443785,-0.102196894,1.352378543,0.405313193,-0.807142811
rQhZtZeh,-0.233120487,1.289133232,-0.090939075,1.122642514,-0.826761203
rapmok0w,-0.482889694,0.02472562,-1.721974627,0.122228083,0.55909865
rgzfnPVu,-0.293713458,-0.152939651,0.202220166,1.188070705,-0.950115023
ri4qhb1S,-0.523047505,-0.745965139,-0.7553925,1.589015011,-0.357135668
rqpFYzff,-0.550391189,1.283136043,-0.413188814,0.729908182,0.172451492
rrs22coX,-0.38716316,0.37088693,-0.063655308,0.921404836,-0.327401559
sEeUCQLc,-0.651310786,-0.32555042,-0.672317726,0.315045181,-0.624008397
sHScwqQl,-0.643711747,2.295365163,-0.885750591,1.784389843,-1.318786185
sNC7DiAt,-0.64824965,-0.454498022,-0.269025792,1.54382098,-0.505711224
sNK2TSs3,-0.444337401,1.427554121,-0.297089109,0.588672118,-0.890535843
sO7Su6uw,-0.904502433,-1.660748596,-2.240973604,0.271667117,-0.779281489
sOWZx89o,-0.551316438,-0.801797577,-1.37259151,0.432438738,-0.611991592
sPbRcPjC,-0.008042924,0.708823739,0.678394233,-1.489424784,0.331886317
scVUfTKI,0.426042947,3.716342157,-0.426966226,-1.227085084,1.590232355
seRaGeVv,-0.417470274,-0.603055963,0.012812926,1.1881439,-0.416620996
sgtwiYWi,-0.451800521,-0.236876567,-1.466842785,-0.3493148,0.274850325
sjmLHcT6,-0.484856104,0.307714714,-0.586480193,0.380579172,-0.29638192
skZUZZGS,-0.620384196,-0.979243969,0.047840947,0.84590842,-0.851241808
suAmzADX,-0.297873144,-3.895090922,-0.779329746,0.233719064,1.462225929
t4GWLqlO,0.656043447,0.719394058,1.273856108,-0.11772653,-0.195780344
t7gy6Jyy,0.471803396,1.317269467,1.004452694,0.570233075,-1.472391109
tBadzH60,2.022043746,1.886901677,2.247677914,-0.196822674,-0.262711001
tXUWm0hp,-0.181686462,0.088464983,-0.058892265,-0.56889048,0.631915564
te6UPPxf,-0.610153134,0.397425778,-0.332615877,-1.134288822,-0.921294761
ti2lamkL,0.251819069,0.26891917,0.519084647,0.33260832,-0.392281997
tr0lpwuU,-0.215233092,-5.788793235,-0.790662673,-0.237302337,1.944051776
ttdB5C73,-0.350062144,0.046916938,-0.13333646,0.747167906,-0.113970985
twS8YZu9,-0.567346794,0.648413794,-1.442567135,-0.075253124,-1.033883494
tx68W34H,-0.565203037,-1.226451522,-0.913799451,-0.772635798,0.348776773
tyQSX4mY,-0.158033957,-0.918013715,-0.081091061,1.057273922,-0.744492596
tylKCRc0,-0.360009987,0.241427159,0.238037531,0.785694512,-0.685617309
u1544WUo,-0.577414447,0.093525803,-1.60618818,1.219169107,-0.195960675
uAw9an0d,0.397856626,2.03976265,0.703355419,0.32557563,-0.162647469
uLZAEXMG,2.137750623,1.773832372,2.494789702,-0.851405718,-0.101535999
uMwe1s7I,-0.462391383,-5.842730465,-0.553063125,-0.411283259,-0.057515468
ufhGeV3q,-0.519621906,-0.085705987,-0.100528149,0.705147222,-0.845657426
uhAeGBHo,-0.901725962,-2.673346153,-2.421879531,-0.614837457,-1.570597863
ujHNlqpw,0.869850683,1.329627534,1.585592213,-1.078691756,-0.329481212
ulV6kuhB,-0.246147691,-0.101205133,0.26329113,0.5919056,-0.400053239
uohEnNEK,-0.224307956,-0.120395391,-1.2573748,-0.876099831,0.974160885
v1lhA8I4,-0.249638607,1.048716391,-0.174858545,0.852863889,-0.83227315
v3JzigLI,-0.890467808,-0.326437394,-0.282735191,1.109760961,-0.975858023
v5IwjyIg,-0.551326559,1.046124216,-0.87525238,-0.459258891,-0.900857356
v6lp5TK1,-0.227945455,-0.759195436,0.441004256,1.496434812,-0.388091134
v8vOaaWq,-0.346433017,0.111250377,-1.473938551,0.00603894,0.469972521
vAYKtoil,-0.539833124,1.052716474,-0.594820397,-0.614777858,-0.713992169
vGTNQa6G,3.404610113,-0.394733512,2.33447302,-0.290531844,0.428093658
vQzNxHoL,-0.716255515,1.057844626,-1.234403213,-0.920028773,-0.942295091
vfZGBUJm,-0.40934489,0.347513476,-0.37172431,0.0745514,-0.516438317
vlooVUoT,-0.522354189,-1.170322856,-1.684014034,-1.133471858,-0.417792042
vrACvd4O,-0.5498592,-0.378980215,0.081416761,-0.294435977,-0.924898708
w8hdjLwb,-0.240433693,0.625674122,0.238396125,1.531065718,-0.419112023
wAntv4gH,0.186119276,1.251225316,1.593036913,0.145068354,-0.300566884
wIUL09q0,-0.858337367,-0.074570946,-0.775925027,0.332436068,-0.380831637
wOzx7Fgz,-0.574800217,-0.327439484,0.426104617,0.300248577,-0.686403813
wPhjhCJQ,-0.442803032,-0.085576986,-0.572166165,1.112437373,-0.650055202
wQSWWmYB,-0.524287876,0.182053922,-0.545004736,1.110596284,-0.387200921
wdIMrXwy,1.895084718,0.466597854,2.372510727,-0.654347703,-0.998259386
wiL9npQc,-0.503397137,-0.610405447,-1.052604083,0.715474762,-0.642302772
wnU95Cxn,1.835698152,-1.390587078,2.882039647,-0.88279441,-0.901124969
wpJbbjJs,0.170814477,0.400442651,0.516564658,0.277710821,-0.073858979
wsOWTAbI,0.817254273,3.487419107,2.374234495,-0.683550912,0.756210248
wtdBcU3U,-0.767960649,0.484458868,0.384914272,0.614716314,-0.300052607
wuKXVxOc,-0.784300512,-0.923959728,-1.589975472,0.720348912,-0.825739734
wyzadAt8,-0.449177173,0.191299663,-0.919741086,1.103043994,-0.516658204
wzaKzYwi,0.028661644,-0.509137891,1.280720666,0.415915116,-0.910028964
x6GCk4EV,-0.304721348,-0.482644731,0.126483574,0.431092417,-0.289201386
x6lUi3vf,-0.036566421,0.567954639,0.515287346,-1.534499368,0.915411588
x8mwDHv9,-0.441151214,-0.036470077,0.338147881,0.30466141,-0.31481414
xIYm6puH,0.293638455,2.30629106,-0.786946718,-0.99902904,-0.048578715
xO6UdpsK,0.377519443,1.152099417,-0.437018148,-1.262406258,-0.95092863
xQ2bkOvj,-0.427101809,-6.160948708,-0.306191676,-0.719605882,-0.221279134
xeXyDCEQ,2.594173647,0.620143377,1.865755328,-0.546968484,0.829043804
xrggHziO,-0.2301043,-0.109681404,0.593899205,0.485745552,-0.27427286
y1WMCmqQ,-0.399284273,-0.032500831,-0.049646745,0.87224882,-0.266691213
yDngezhM,-0.457959288,-0.407378138,-0.914067422,-0.372101364,-0.25915548
yLiFjMD0,-0.380959546,0.867464904,0.072947423,1.573514915,-0.473792724
ySwEBO7w,-0.504628564,0.282594917,-0.580845822,-0.993666082,-0.820514968
ydC9UsSm,-0.416082611,0.481427289,-1.979050636,0.157476717,1.29150898
ydEG4VBd,-0.456452865,0.387457048,-1.017805765,1.370593218,0.151384837
yf76yWXc,-0.175045769,1.799321214,0.379483219,-0.185535189,-0.570189565
yg70e63n,-0.327891857,0.447863907,-0.614049857,0.436482546,-0.159158464
ywxtlSKv,-0.436972284,0.241485458,-0.571564282,0.472017497,-1.253131051
yzKPQPOR,-0.584114498,-6.431796073,-0.058945806,-0.356281849,-1.233649676
z5cnOnZ1,-0.573914057,-0.515894757,-0.24437099,-0.524902949,-0.617321925
zFLkOE0e,0.235006459,0.593573677,0.410028755,-0.919204875,0.514128347
zGi72mxL,-0.576258932,-1.092765012,0.117425094,-1.068610531,-0.157805945
zN925UV3,-0.686901906,-1.322033917,-1.126022464,-0.952082983,-0.7144253
zTy2ih7e,-0.813475675,-0.638721322,-1.209789418,0.716133092,-1.229046926
zVFzAutw,-0.32556291,1.172881202,-0.314002411,1.171061097,-0.488814335
zYxNAkht,-0.596695193,0.117008188,-0.618264351,0.642677925,-0.571495643
zaWDBai3,-0.749863408,3.270690146,-1.73867002,1.256842828,-1.071324026
zg3u0Zsx,-0.250538985,1.100564843,-0.053429913,0.284824669,0.050737348
zlwLfdsS,-0.334716786,-4.85887483,-0.556685954,-0.702452211,0.602973941
zmbKzVfl,-0.803590738,-1.634981788,-2.056916413,0.20466988,-0.316032325
